Rem
Rem $Header: hr_schema.sql 13-June-2012.10:05:13 ahunold Exp $
Rem
Rem
Rem    NAME
Rem      hr_schema.sql - Create data objects for HR schema
Rem
Rem    DESCRIPTION
Rem      This script creates six tables, associated constraints
Rem      and indexes in the human resources (HR) schema.
Rem
Rem    NOTES
Rem

REM	Before creating the tables
REM	drop all tables first

DROP TABLE job_grades CASCADE CONSTRAINTS;
DROP TABLE job_history CASCADE CONSTRAINTS;
DROP TABLE employees CASCADE CONSTRAINTS;
DROP TABLE jobs CASCADE CONSTRAINTS;
DROP TABLE departments CASCADE CONSTRAINTS;
DROP TABLE locations CASCADE CONSTRAINTS;
DROP TABLE countries CASCADE CONSTRAINTS;
DROP TABLE regions CASCADE CONSTRAINTS;

REM ********************************************************************
REM Create the REGIONS table to hold region information for locations
REM HR.LOCATIONS table has a foreign key to this table.

Prompt ******  Creating REGIONS table ....

CREATE TABLE regions
    ( region_id      NUMBER 
       CONSTRAINT  region_id_nn NOT NULL 
    , region_name    VARCHAR2(25) 
    );

ALTER TABLE regions
ADD ( CONSTRAINT reg_id_pk
       		 PRIMARY KEY (region_id)
    ) ;

REM ********************************************************************
REM Create the COUNTRIES table to hold country information for customers
REM and company locations. 
REM OE.CUSTOMERS table and HR.LOCATIONS have a foreign key to this table.

Prompt ******  Creating COUNTRIES table ....

CREATE TABLE countries 
    ( country_id      CHAR(2) 
       CONSTRAINT  country_id_nn NOT NULL 
    , country_name    VARCHAR2(40) 
    , region_id       NUMBER 
    , CONSTRAINT     country_c_id_pk 
        	     PRIMARY KEY (country_id) 
    ) ;

ALTER TABLE countries
ADD ( CONSTRAINT countr_reg_fk
        	 FOREIGN KEY (region_id)
          	  REFERENCES regions(region_id) 
    ) ;

REM ********************************************************************
REM Create the LOCATIONS table to hold address information for company departments.
REM HR.DEPARTMENTS has a foreign key to this table.

Prompt ******  Creating LOCATIONS table ....

CREATE TABLE locations
    ( location_id    NUMBER(4)
    , street_address VARCHAR2(40)
    , postal_code    VARCHAR2(12)
    , city       VARCHAR2(30)
	CONSTRAINT     loc_city_nn  NOT NULL
    , state_province VARCHAR2(25)
    , country_id     CHAR(2)
    ) ;

ALTER TABLE locations
ADD ( CONSTRAINT loc_id_pk
       		 PRIMARY KEY (location_id)
    , CONSTRAINT loc_c_id_fk
       		 FOREIGN KEY (country_id)
        	  REFERENCES countries(country_id) 
    ) ;

DROP SEQUENCE locations_seq;

CREATE SEQUENCE locations_seq
 START WITH     3300
 INCREMENT BY   100
 MAXVALUE       9900
 NOCACHE
 NOCYCLE;

REM ********************************************************************
REM Create the DEPARTMENTS table to hold company department information.
REM HR.EMPLOYEES and HR.JOB_HISTORY have a foreign key to this table.

Prompt ******  Creating DEPARTMENTS table ....

CREATE TABLE departments
    ( department_id    NUMBER(4)
    , department_name  VARCHAR2(30)
	CONSTRAINT  dept_name_nn  NOT NULL
    , manager_id       NUMBER(6)
    , location_id      NUMBER(4)
    ) ;

ALTER TABLE departments
ADD ( CONSTRAINT dept_id_pk
       		 PRIMARY KEY (department_id)
    , CONSTRAINT dept_loc_fk
       		 FOREIGN KEY (location_id)
        	  REFERENCES locations (location_id)
     ) ;

DROP SEQUENCE departments_seq;

CREATE SEQUENCE departments_seq
 START WITH     280
 INCREMENT BY   10
 MAXVALUE       9990
 NOCACHE
 NOCYCLE;

REM ********************************************************************
REM Create the JOBS table to hold the different names of job roles within the company.
REM HR.EMPLOYEES has a foreign key to this table.

Prompt ******  Creating JOBS table ....

CREATE TABLE jobs
    ( job_id         VARCHAR2(10)
    , job_title      VARCHAR2(35)
	CONSTRAINT     job_title_nn  NOT NULL
    , min_salary     NUMBER(6)
    , max_salary     NUMBER(6)
    ) ;

ALTER TABLE jobs
ADD ( CONSTRAINT job_id_pk
      		 PRIMARY KEY(job_id)
    ) ;

REM ********************************************************************
REM Create the EMPLOYEES table to hold the employee personnel 
REM information for the company.
REM HR.EMPLOYEES has a self referencing foreign key to this table.

Prompt ******  Creating EMPLOYEES table ....

CREATE TABLE employees
    ( employee_id    NUMBER(6), 
	first_name     VARCHAR2(20), 
	last_name      VARCHAR2(25) CONSTRAINT     emp_last_name_nn  NOT NULL, 
	email          VARCHAR2(25) CONSTRAINT     emp_email_nn  NOT NULL, 
	phone_number   VARCHAR2(20), 
	hire_date      DATE CONSTRAINT     emp_hire_date_nn  NOT NULL, 
	job_id         VARCHAR2(10) CONSTRAINT     emp_job_nn  NOT NULL, 
	salary         NUMBER(8,2), 
	commission_pct NUMBER(2,2), 
	manager_id     NUMBER(6), 
	department_id  NUMBER(4), 
	CONSTRAINT     emp_salary_min CHECK (salary > 0), 
	CONSTRAINT     emp_email_uk UNIQUE (email)
    ) ;

ALTER TABLE employees
ADD ( CONSTRAINT     emp_emp_id_pk
                     PRIMARY KEY (employee_id)
    , CONSTRAINT     emp_dept_fk
                     FOREIGN KEY (department_id)
                      REFERENCES departments
    , CONSTRAINT     emp_job_fk
                     FOREIGN KEY (job_id)
                      REFERENCES jobs (job_id)
    , CONSTRAINT     emp_manager_fk
                     FOREIGN KEY (manager_id)
                      REFERENCES employees
    ) ;

ALTER TABLE departments
ADD ( CONSTRAINT dept_mgr_fk
      		 FOREIGN KEY (manager_id)
      		  REFERENCES employees (employee_id)
    ) ;

DROP SEQUENCE employees_seq;
CREATE SEQUENCE employees_seq
 START WITH     207
 INCREMENT BY   1
 NOCACHE
 NOCYCLE;

REM ********************************************************************
REM Create the JOB_HISTORY table to hold the history of jobs that 
REM employees have held in the past.
REM HR.JOBS, HR_DEPARTMENTS, and HR.EMPLOYEES have a foreign key to this table.

Prompt ******  Creating JOB_HISTORY table ....

CREATE TABLE job_history
    ( employee_id   NUMBER(6)
	 CONSTRAINT    jhist_employee_nn  NOT NULL
    , start_date    DATE
	CONSTRAINT    jhist_start_date_nn  NOT NULL
    , end_date      DATE
	CONSTRAINT    jhist_end_date_nn  NOT NULL
    , job_id        VARCHAR2(10)
	CONSTRAINT    jhist_job_nn  NOT NULL
    , department_id NUMBER(4)
    , CONSTRAINT    jhist_date_interval
                    CHECK (end_date > start_date)
    ) ;

ALTER TABLE job_history
ADD ( CONSTRAINT jhist_emp_id_st_date_pk
      PRIMARY KEY (employee_id, start_date)
    , CONSTRAINT     jhist_job_fk
                     FOREIGN KEY (job_id)
                     REFERENCES jobs
    , CONSTRAINT     jhist_emp_fk
                     FOREIGN KEY (employee_id)
                     REFERENCES employees
    , CONSTRAINT     jhist_dept_fk
                     FOREIGN KEY (department_id)
                     REFERENCES departments
    ) ;

REM ********************************************************************
REM Create the EMP_DETAILS_VIEW that joins the employees, jobs, 
REM departments, jobs, countries, and locations table to provide details
REM about employees.

Prompt ******  Creating EMP_DETAILS_VIEW view ...

CREATE OR REPLACE VIEW emp_details_view
  (employee_id,job_id,manager_id,department_id,location_id,
   country_id,first_name,last_name,salary,commission_pct,
   department_name,job_title,city,state_province, country_name,
   region_name)
AS SELECT
  e.employee_id, e.job_id, e.manager_id, e.department_id,d.location_id,
  l.country_id,e.first_name,e.last_name,e.salary,e.commission_pct,
  d.department_name,j.job_title,l.city,l.state_province,c.country_name,
  r.region_name
FROM
  employees e, departments d, jobs j, locations l, countries c, regions r
WHERE e.department_id = d.department_id
  AND d.location_id = l.location_id
  AND l.country_id = c.country_id
  AND c.region_id = r.region_id
  AND j.job_id = e.job_id 
WITH READ ONLY;


Prompt ******  Creating JOB_GRADES table ...

CREATE TABLE job_grades
( grade_level char,
lowest_sal number,
highest_sal number
);

COMMIT;

SET VERIFY OFF
ALTER SESSION SET NLS_LANGUAGE=American; 

REM ***************************insert data into the REGIONS table

Prompt ******  Populating REGIONS table ....

INSERT INTO regions VALUES ( 1, 'Europe');

INSERT INTO regions VALUES ( 2, 'Americas');

INSERT INTO regions VALUES ( 3, 'Asia');

INSERT INTO regions VALUES ( 4, 'Middle East and Africa');

REM ***************************insert data into the COUNTRIES table

Prompt ******  Populating COUNTIRES table ....

INSERT INTO countries VALUES ('IT', 'Italy' , 1);

INSERT INTO countries VALUES ('JP', 'Japan', 3);

INSERT INTO countries VALUES ('US', 'United States of America', 2);

INSERT INTO countries VALUES ('CA', 'Canada', 2);

INSERT INTO countries VALUES ('CN', 'China', 3);

INSERT INTO countries VALUES ('IN', 'India', 3);

INSERT INTO countries VALUES ('AU', 'Australia', 3);

INSERT INTO countries VALUES ('ZW', 'Zimbabwe' , 4);

INSERT INTO countries VALUES ('SG', 'Singapore', 3);

INSERT INTO countries VALUES ('UK', 'United Kingdom', 1);

INSERT INTO countries VALUES ('FR', 'France', 1);

INSERT INTO countries VALUES ('DE', 'Germany' , 1);

INSERT INTO countries VALUES ('ZM', 'Zambia', 4);

INSERT INTO countries VALUES ('EG', 'Egypt', 4);

INSERT INTO countries VALUES ( 'BR', 'Brazil', 2 );

INSERT INTO countries VALUES ( 'CH', 'Switzerland', 1 );

INSERT INTO countries VALUES ( 'NL', 'Netherlands', 1);

INSERT INTO countries VALUES ( 'MX', 'Mexico', 2 );

REM ***************************insert data into the LOCATIONS table

Prompt ******  Populating LOCATIONS table ....

INSERT INTO locations VALUES 
        ( 1400 
        , '2014 Jabberwocky Rd'
        , '26192'
        , 'Southlake'
        , 'Texas'
        , 'US'
        );

INSERT INTO locations VALUES 
        ( 1500 
        , '2011 Interiors Blvd'
        , '99236'
        , 'South San Francisco'
        , 'California'
        , 'US'
        );

INSERT INTO locations VALUES 
        ( 1700 
        , '2004 Charade Rd'
        , '98199'
        , 'Seattle'
        , 'Washington'
        , 'US'
        );

INSERT INTO locations VALUES 
        ( 1800 
        , '147 Spadina Ave'
        , 'M5V 2L7'
        , 'Toronto'
        , 'Ontario'
        , 'CA'
        );

INSERT INTO locations VALUES 
        ( 2400 
        , '8204 Arthur St'
        , NULL
        , 'London'
        , NULL
        , 'UK'
        );

INSERT INTO locations VALUES 
        ( 2500 
        , 'Magdalen Centre, The Oxford Science Park'
        , 'OX9 9ZB'
        , 'Oxford'
        , 'Oxford'
        , 'UK'
        );

INSERT INTO locations VALUES 
        ( 2600 
        , '9702 Chester Road'
        , '09629850293'
        , 'Stretford'
        , 'Manchester'
        , 'UK'
        );

INSERT INTO locations VALUES 
        ( 2700 
        , 'Schwanthalerstr. 7031'
        , '80925'
        , 'Munich'
        , 'Bavaria'
        , 'DE'
        );

REM ****************************insert data into the DEPARTMENTS table

Prompt ******  Populating DEPARTMENTS table ....

REM disable integrity constraint to EMPLOYEES to load data

ALTER TABLE departments 
  DISABLE CONSTRAINT dept_mgr_fk;

INSERT INTO departments VALUES 
        ( 10 , 'Administration' , 200 , 1700 );

INSERT INTO departments VALUES 
        ( 20 , 'Marketing' , 201 , 1800 );
                                
INSERT INTO departments VALUES 
        ( 30 , 'Purchasing' , 114 , 1700	);
                
INSERT INTO departments VALUES 
        ( 40 , 'Human Resources' , 203 , 2400 );

INSERT INTO departments VALUES 
        ( 50 , 'Shipping' , 121 , 1500 );
                
INSERT INTO departments VALUES 
        ( 60  , 'IT' , 103 , 1400 );
                
INSERT INTO departments VALUES 
        ( 70  , 'Public Relations' , 204 , 2700 );
                
INSERT INTO departments VALUES 
        ( 80  , 'Sales' , 145 , 2500 );
                
INSERT INTO departments VALUES 
        ( 90  , 'Executive' , 100 , 1700 );

INSERT INTO departments VALUES 
        ( 100  , 'Finance' , 108 , 1700 );
                
INSERT INTO departments VALUES 
        ( 110  , 'Accounting' , 205 , 1700 );

INSERT INTO departments VALUES 
        ( 190 , 'Contracting' , NULL , 1700 );

INSERT INTO departments VALUES 
        ( 230  , 'IT Helpdesk' , NULL , 1700 );

REM ***************************insert data into the JOBS table

Prompt ******  Populating JOBS table ....

INSERT INTO jobs VALUES 
        ( 'AD_PRES'
        , 'President'
        , 20000
        , 40000
        );
INSERT INTO jobs VALUES 
        ( 'AD_VP'
        , 'Administration Vice President'
        , 15000
        , 30000
        );

INSERT INTO jobs VALUES 
        ( 'AD_ASST'
        , 'Administration Assistant'
        , 3000
        , 6000
        );

INSERT INTO jobs VALUES 
        ( 'FI_MGR'
        , 'Finance Manager'
        , 8200
        , 16000
        );

INSERT INTO jobs VALUES 
        ( 'FI_ACCOUNT'
        , 'Accountant'
        , 4200
        , 9000
        );

INSERT INTO jobs VALUES 
        ( 'AC_MGR'
        , 'Accounting Manager'
        , 8200
        , 16000
        );

INSERT INTO jobs VALUES 
        ( 'AC_ACCOUNT'
        , 'Public Accountant'
        , 4200
        , 9000
        );

INSERT INTO jobs VALUES 
        ( 'SA_MAN'
        , 'Sales Manager'
        , 10000
        , 20000
        );

INSERT INTO jobs VALUES 
        ( 'SA_REP'
        , 'Sales Representative'
        , 6000
        , 12000
        );

INSERT INTO jobs VALUES 
        ( 'PU_MAN'
        , 'Purchasing Manager'
        , 8000
        , 15000
        );

INSERT INTO jobs VALUES 
        ( 'PU_CLERK'
        , 'Purchasing Clerk'
        , 2500
        , 5500
        );

INSERT INTO jobs VALUES 
        ( 'ST_MAN'
        , 'Stock Manager'
        , 5500
        , 8500
        );

INSERT INTO jobs VALUES 
        ( 'ST_CLERK'
        , 'Stock Clerk'
        , 2000
        , 5000
        );

INSERT INTO jobs VALUES 
        ( 'SH_CLERK'
        , 'Shipping Clerk'
        , 2500
        , 5500
        );

INSERT INTO jobs VALUES 
        ( 'IT_PROG'
        , 'Programmer'
        , 4000
        , 10000
        );

INSERT INTO jobs VALUES 
        ( 'MK_MAN'
        , 'Marketing Manager'
        , 9000
        , 15000
        );

INSERT INTO jobs VALUES 
        ( 'MK_REP'
        , 'Marketing Representative'
        , 4000
        , 9000
        );

INSERT INTO jobs VALUES 
        ( 'HR_REP'
        , 'Human Resources Representative'
        , 4000
        , 9000
        );

INSERT INTO jobs VALUES 
        ( 'PR_REP'
        , 'Public Relations Representative'
        , 4500
        , 10500
        );

REM ***************************insert data into the EMPLOYEES table

Prompt ******  Populating EMPLOYEES table ....

INSERT INTO employees VALUES 
        ( 100
        , 'Steven'
        , 'King'
        , 'SKING'
        , '515.123.4567'
        , TO_DATE('17-JUN-1987', 'dd-MON-yyyy')
        , 'AD_PRES'
        , 24000
        , NULL
        , NULL
        , 90
        );

INSERT INTO employees VALUES 
        ( 101
        , 'Neena'
        , 'Kochhar'
        , 'NKOCHHAR'
        , '515.123.4568'
        , TO_DATE('21-SEP-1989', 'dd-MON-yyyy')
        , 'AD_VP'
        , 17000
        , NULL
        , 100
        , 90
        );

INSERT INTO employees VALUES 
        ( 102
        , 'Lex'
        , 'De Haan'
        , 'LDEHAAN'
        , '515.123.4569'
        , TO_DATE('13-JAN-1993', 'dd-MON-yyyy')
        , 'AD_VP'
        , 17000
        , NULL
        , 100
        , 90
        );

INSERT INTO employees VALUES 
        ( 103
        , 'Alexander'
        , 'Hunold'
        , 'AHUNOLD'
        , '590.423.4567'
        , TO_DATE('03-JAN-1990', 'dd-MON-yyyy')
        , 'IT_PROG'
        , 9000
        , NULL
        , 102
        , 60
        );

INSERT INTO employees VALUES 
        ( 104
        , 'Bruce'
        , 'Ernst'
        , 'BERNST'
        , '590.423.4568'
        , TO_DATE('21-MAY-1991', 'dd-MON-yyyy')
        , 'IT_PROG'
        , 6000
        , NULL
        , 103
        , 60
        );

INSERT INTO employees VALUES 
        ( 107
        , 'Diana'
        , 'Lorentz'
        , 'DLORENTZ'
        , '590.423.5567'
        , TO_DATE('07-FEB-1999', 'dd-MON-yyyy')
        , 'IT_PROG'
        , 4200
        , NULL
        , 103
        , 60
        );

INSERT INTO employees VALUES 
        ( 108
        , 'Nancy'
        , 'Greenberg'
        , 'NGREENBE'
        , '515.124.4569'
        , TO_DATE('17-AUG-1994', 'dd-MON-yyyy')
        , 'FI_MGR'
        , 12000
        , NULL
        , 101
        , 100
        );

INSERT INTO employees VALUES 
        ( 114
        , 'Den'
        , 'Raphaely'
        , 'DRAPHEAL'
        , '515.127.4561'
        , TO_DATE('07-DEC-1994', 'dd-MON-yyyy')
        , 'PU_MAN'
        , 11000
        , NULL
        , 100
        , 30
        );

INSERT INTO employees VALUES 
        ( 121
        , 'Adam'
        , 'Fripp'
        , 'AFRIPP'
        , '650.123.2234'
        , TO_DATE('10-APR-1997', 'dd-MON-yyyy')
        , 'ST_MAN'
        , 8200
        , NULL
        , 100
        , 50
        );

INSERT INTO employees VALUES 
        ( 122
        , 'Payam'
        , 'Kaufling'
        , 'PKAUFLIN'
        , '650.123.3234'
        , TO_DATE('01-MAY-1995', 'dd-MON-yyyy')
        , 'ST_MAN'
        , 7900
        , NULL
        , 100
        , 50
        );

INSERT INTO employees VALUES 
        ( 124
        , 'Kevin'
        , 'Mourgos'
        , 'KMOURGOS'
        , '650.123.5234'
        , TO_DATE('16-NOV-1999', 'dd-MON-yyyy')
        , 'ST_MAN'
        , 5800
        , NULL
        , 100
        , 50
        );

INSERT INTO employees VALUES 
        ( 143
        , 'Randall'
        , 'Matos'
        , 'RMATOS'
        , '650.121.2874'
        , TO_DATE('15-MAR-1998', 'dd-MON-yyyy')
        , 'ST_CLERK'
        , 2600
        , NULL
        , 124
        , 50
        );

INSERT INTO employees VALUES 
        ( 145
        , 'John'
        , 'Russell'
        , 'JRUSSEL'
        , '011.44.1344.429268'
        , TO_DATE('01-OCT-1996', 'dd-MON-yyyy')
        , 'SA_MAN'
        , 14000
        , .4
        , 100
        , 80
        );

INSERT INTO employees VALUES 
        ( 149
        , 'Eleni'
        , 'Zlotkey'
        , 'EZLOTKEY'
        , '011.44.1344.429018'
        , TO_DATE('29-JAN-2000', 'dd-MON-yyyy')
        , 'SA_MAN'
        , 10500
        , .2
        , 100
        , 80
        );

INSERT INTO employees VALUES 
        ( 176
        , 'Jonathon'
        , 'Taylor'
        , 'JTAYLOR'
        , '011.44.1644.429265'
        , TO_DATE('24-MAR-1998', 'dd-MON-yyyy')
        , 'SA_REP'
        , 8600
        , .20
        , 149
        , 80
        );

INSERT INTO employees VALUES 
        ( 178
        , 'Kimberely'
        , 'Grant'
        , 'KGRANT'
        , '011.44.1644.429263'
        , TO_DATE('24-MAY-1999', 'dd-MON-yyyy')
        , 'SA_REP'
        , 7000
        , .15
        , 149
        , NULL
        );

INSERT INTO employees VALUES 
        ( 200
        , 'Jennifer'
        , 'Whalen'
        , 'JWHALEN'
        , '515.123.4444'
        , TO_DATE('17-SEP-1987', 'dd-MON-yyyy')
        , 'AD_ASST'
        , 4400
        , NULL
        , 101
        , 10
        );

INSERT INTO employees VALUES 
        ( 201
        , 'Michael'
        , 'Hartstein'
        , 'MHARTSTE'
        , '515.123.5555'
        , TO_DATE('17-FEB-1996', 'dd-MON-yyyy')
        , 'MK_MAN'
        , 13000
        , NULL
        , 100
        , 20
        );

INSERT INTO employees VALUES 
        ( 202
        , 'Pat'
        , 'Fay'
        , 'PFAY'
        , '603.123.6666'
        , TO_DATE('17-AUG-1997', 'dd-MON-yyyy')
        , 'MK_REP'
        , 6000
        , NULL
        , 201
        , 20
        );

INSERT INTO employees VALUES 
        ( 203
        , 'Susan'
        , 'Mavris'
        , 'SMAVRIS'
        , '515.123.7777'
        , TO_DATE('07-JUN-1994', 'dd-MON-yyyy')
        , 'HR_REP'
        , 6500
        , NULL
        , 101
        , 40
        );

INSERT INTO employees VALUES 
        ( 204
        , 'Hermann'
        , 'Baer'
        , 'HBAER'
        , '515.123.8888'
        , TO_DATE('07-JUN-1994', 'dd-MON-yyyy')
        , 'PR_REP'
        , 10000
        , NULL
        , 101
        , 70
        );

INSERT INTO employees VALUES 
        ( 205
        , 'Shelley'
        , 'Higgins'
        , 'SHIGGINS'
        , '515.123.8080'
        , TO_DATE('07-JUN-1994', 'dd-MON-yyyy')
        , 'AC_MGR'
        , 12000
        , NULL
        , 101
        , 110
        );

REM ********* insert data into the JOB_HISTORY table

Prompt ******  Populating JOB_HISTORY table ....

INSERT INTO job_history
VALUES (102
       , TO_DATE('13-JAN-1993', 'dd-MON-yyyy')
       , TO_DATE('24-JUL-1998', 'dd-MON-yyyy')
       , 'IT_PROG'
       , 60);

INSERT INTO job_history
VALUES (101
       , TO_DATE('21-SEP-1989', 'dd-MON-yyyy')
       , TO_DATE('27-OCT-1993', 'dd-MON-yyyy')
       , 'AC_ACCOUNT'
       , 110);

INSERT INTO job_history
VALUES (101
       , TO_DATE('28-OCT-1993', 'dd-MON-yyyy')
       , TO_DATE('15-MAR-1997', 'dd-MON-yyyy')
       , 'AC_MGR'
       , 110);

INSERT INTO job_history
VALUES (201
       , TO_DATE('17-FEB-1996', 'dd-MON-yyyy')
       , TO_DATE('19-DEC-1999', 'dd-MON-yyyy')
       , 'MK_REP'
       , 20);

INSERT INTO job_history
VALUES  (114
        , TO_DATE('24-MAR-1998', 'dd-MON-yyyy')
        , TO_DATE('31-DEC-1999', 'dd-MON-yyyy')
        , 'ST_CLERK'
        , 50
        );

INSERT INTO job_history
VALUES  (122
        , TO_DATE('01-JAN-1999', 'dd-MON-yyyy')
        , TO_DATE('31-DEC-1999', 'dd-MON-yyyy')
        , 'ST_CLERK'
        , 50
        );

INSERT INTO job_history
VALUES  (200
        , TO_DATE('17-SEP-1987', 'dd-MON-yyyy')
        , TO_DATE('17-JUN-1993', 'dd-MON-yyyy')
        , 'AD_ASST'
        , 90
        );

INSERT INTO job_history
VALUES  (176
        , TO_DATE('24-MAR-1998', 'dd-MON-yyyy')
        , TO_DATE('31-DEC-1998', 'dd-MON-yyyy')
        , 'SA_REP'
        , 80
        );

INSERT INTO job_history
VALUES  (176
        , TO_DATE('01-JAN-1999', 'dd-MON-yyyy')
        , TO_DATE('31-DEC-1999', 'dd-MON-yyyy')
        , 'SA_MAN'
        , 80
        );

INSERT INTO job_history
VALUES  (200
        , TO_DATE('01-JUL-1994', 'dd-MON-yyyy')
        , TO_DATE('31-DEC-1998', 'dd-MON-yyyy')
        , 'AC_ACCOUNT'
        , 90
        );

REM ********* insert data into the JOB_GRADES table

Prompt ******  Populating JOB_GRADES table ....

insert into job_grades values('A', 1000, 2999);
insert into job_grades values('B', 3000, 5999);
insert into job_grades values('C', 6000, 9999);
insert into job_grades values('D', 10000, 14999);
insert into job_grades values('E', 15000, 24999);
insert into job_grades values('F', 25000, 40000);


REM enable integrity constraint to DEPARTMENTS

ALTER TABLE departments 
  ENABLE CONSTRAINT dept_mgr_fk;

COMMIT;